{"cameraMode":{"drawMode":0,"name":"Shaded","section":"Shading Mode"},"sceneLighting":false,"audioPlay":false,"sceneViewState":{"showFog":true,"showMaterialUpdate":false,"showSkybox":false,"showFlares":true,"showImageEffects":true,"showParticleSystems":true},"in2DMode":false,"pivot":{"x":-1.3641692399978638,"y":0.9346475601196289,"z":1.8726727962493897},"rotation":{"x":0.2050175666809082,"y":-0.42197421193122866,"z":0.09858845919370651,"w":0.8776023983955383},"size":2.4657819271087648,"orthographic":false}