{"cameraMode":{"drawMode":0,"name":"Shaded","section":"Shading Mode"},"sceneLighting":false,"audioPlay":false,"sceneViewState":{"showFog":true,"showMaterialUpdate":false,"showSkybox":false,"showFlares":true,"showImageEffects":true,"showParticleSystems":true},"in2DMode":false,"pivot":{"x":0.5878729224205017,"y":1.493086576461792,"z":0.5254408121109009},"rotation":{"x":-0.1261458694934845,"y":-0.8297964334487915,"z":0.2083137482404709,"w":-0.5021260976791382},"size":3.3933026790618898,"orthographic":false}