{"cameraMode":{"drawMode":0,"name":"Shaded","section":"Shading Mode"},"sceneLighting":true,"audioPlay":false,"sceneViewState":{"showFog":true,"showMaterialUpdate":false,"showSkybox":true,"showFlares":true,"showImageEffects":true,"showParticleSystems":true},"in2DMode":false,"pivot":{"x":-3.050006866455078,"y":1.1975654363632203,"z":3.6283979415893556},"rotation":{"x":-0.021749870851635934,"y":-0.9781907796859741,"z":0.12226489931344986,"w":-0.16649645566940309},"size":5.822493076324463,"orthographic":false}