{"cameraMode":{"drawMode":0,"name":"Shaded","section":"Shading Mode"},"sceneLighting":false,"audioPlay":false,"sceneViewState":{"showFog":true,"showMaterialUpdate":false,"showSkybox":false,"showFlares":true,"showImageEffects":true,"showParticleSystems":true},"in2DMode":false,"pivot":{"x":-1.5956859588623047,"y":0.9733546376228333,"z":1.6865581274032593},"rotation":{"x":0.026041891425848008,"y":-0.7436754107475281,"z":-0.029018070548772813,"w":-0.6674029231071472},"size":3.8695871829986574,"orthographic":true}