{"cameraMode":{"drawMode":0,"name":"Shaded","section":"Shading Mode"},"sceneLighting":false,"audioPlay":false,"sceneViewState":{"showFog":true,"showMaterialUpdate":false,"showSkybox":false,"showFlares":true,"showImageEffects":true,"showParticleSystems":true},"in2DMode":false,"pivot":{"x":-1.3641692399978638,"y":0.9346473217010498,"z":1.8726726770401},"rotation":{"x":0.018121270462870599,"y":0.8159099221229553,"z":-0.02392527647316456,"w":0.5773996114730835},"size":2.4639620780944826,"orthographic":false}