{"cameraMode":{"drawMode":0,"name":"Shaded","section":"Shading Mode"},"sceneLighting":true,"audioPlay":false,"sceneViewState":{"showFog":true,"showMaterialUpdate":false,"showSkybox":true,"showFlares":true,"showImageEffects":true,"showParticleSystems":true},"in2DMode":false,"pivot":{"x":-2.331202983856201,"y":1.3152978420257569,"z":1.931323766708374},"rotation":{"x":0.035660263150930408,"y":0.9620473384857178,"z":-0.14665326476097108,"w":0.22734563052654267},"size":4.44563627243042,"orthographic":false}