{"cameraMode":{"drawMode":0,"name":"Shaded","section":"Shading Mode"},"sceneLighting":true,"audioPlay":false,"sceneViewState":{"showFog":true,"showMaterialUpdate":false,"showSkybox":true,"showFlares":true,"showImageEffects":true,"showParticleSystems":true},"in2DMode":false,"pivot":{"x":0.5263715982437134,"y":0.9589605331420898,"z":2.2162890434265138},"rotation":{"x":0.04431764408946037,"y":0.9500960111618042,"z":-0.153549462556839,"w":0.26791054010391238},"size":3.9552319049835207,"orthographic":false}