{"cameraMode":{"drawMode":0,"name":"Shaded","section":"Shading Mode"},"sceneLighting":false,"audioPlay":false,"sceneViewState":{"showFog":true,"showMaterialUpdate":false,"showSkybox":false,"showFlares":true,"showImageEffects":true,"showParticleSystems":true},"in2DMode":false,"pivot":{"x":2.7797317504882814,"y":0.6817121505737305,"z":2.950955390930176},"rotation":{"x":-0.04407159611582756,"y":-0.9541324973106384,"z":0.1765681505203247,"w":-0.2377239614725113},"size":8.404470443725586,"orthographic":false}