{"cameraMode":{"drawMode":0,"name":"Shaded","section":"Shading Mode"},"sceneLighting":false,"audioPlay":false,"sceneViewState":{"showFog":true,"showMaterialUpdate":false,"showSkybox":false,"showFlares":true,"showImageEffects":true,"showParticleSystems":true},"in2DMode":false,"pivot":{"x":0.7278728485107422,"y":1.375196933746338,"z":0.36833232641220095},"rotation":{"x":0.03408098965883255,"y":-0.928257405757904,"z":0.08829014003276825,"w":0.3596965968608856},"size":9.957198143005371,"orthographic":false}