{"cameraMode":{"drawMode":0,"name":"Shaded","section":"Shading Mode"},"sceneLighting":false,"audioPlay":false,"sceneViewState":{"showFog":true,"showMaterialUpdate":false,"showSkybox":false,"showFlares":true,"showImageEffects":true,"showParticleSystems":true},"in2DMode":false,"pivot":{"x":-1.2475690841674805,"y":2.5199999809265138,"z":-2.5129685401916506},"rotation":{"x":-0.2508607506752014,"y":-0.5589757561683655,"z":0.18226537108421327,"w":-0.7690216302871704},"size":6.460504531860352,"orthographic":false}