{"cameraMode":{"drawMode":0,"name":"Shaded","section":"Shading Mode"},"sceneLighting":true,"audioPlay":false,"sceneViewState":{"showFog":true,"showMaterialUpdate":false,"showSkybox":true,"showFlares":true,"showImageEffects":true,"showParticleSystems":true},"in2DMode":false,"pivot":{"x":10.554463386535645,"y":18.886878967285158,"z":-21.082246780395509},"rotation":{"x":0.30936795473098757,"y":-0.4474758803844452,"z":0.1684982180595398,"w":0.821988582611084},"size":5.96785306930542,"orthographic":false}