{"cameraMode":{"drawMode":0,"name":"Shaded","section":"Shading Mode"},"sceneLighting":false,"audioPlay":false,"sceneViewState":{"showFog":true,"showMaterialUpdate":false,"showSkybox":false,"showFlares":true,"showImageEffects":true,"showParticleSystems":true},"in2DMode":false,"pivot":{"x":0.5878729224205017,"y":1.375196933746338,"z":0.36833232641220095},"rotation":{"x":-0.017174318432807924,"y":-0.9772681593894959,"z":0.08670492470264435,"w":-0.192702516913414},"size":9.957198143005371,"orthographic":false}