{"cameraMode":{"drawMode":0,"name":"Shaded","section":"Shading Mode"},"sceneLighting":false,"audioPlay":false,"sceneViewState":{"showFog":true,"showMaterialUpdate":false,"showSkybox":false,"showFlares":true,"showImageEffects":true,"showParticleSystems":true},"in2DMode":false,"pivot":{"x":-3.8655800819396974,"y":2.0887651443481447,"z":-3.863334894180298},"rotation":{"x":0.20117412507534028,"y":0.519284725189209,"z":-0.12712779641151429,"w":0.8207988739013672},"size":12.74199104309082,"orthographic":false}