{"cameraMode":{"drawMode":0,"name":"Shaded","section":"Shading Mode"},"sceneLighting":false,"audioPlay":false,"sceneViewState":{"showFog":true,"showMaterialUpdate":false,"showSkybox":false,"showFlares":true,"showImageEffects":true,"showParticleSystems":true},"in2DMode":false,"pivot":{"x":-0.0733950138092041,"y":1.2881512641906739,"z":1.2594051361083985},"rotation":{"x":0.06112702190876007,"y":0.93324214220047,"z":-0.29790112376213076,"w":0.1912524700164795},"size":3.968276262283325,"orthographic":false}