{"cameraMode":{"drawMode":0,"name":"Shaded","section":"Shading Mode"},"sceneLighting":false,"audioPlay":false,"sceneViewState":{"showFog":true,"showMaterialUpdate":false,"showSkybox":false,"showFlares":true,"showImageEffects":true,"showParticleSystems":true},"in2DMode":false,"pivot":{"x":1.3936822414398194,"y":0.4462204575538635,"z":2.2118468284606935},"rotation":{"x":-0.305352121591568,"y":0.4250265061855316,"z":-0.1549801081418991,"w":-0.8379103541374207},"size":4.420898914337158,"orthographic":false}