{"cameraMode":{"drawMode":0,"name":"Shaded","section":"Shading Mode"},"sceneLighting":false,"audioPlay":false,"sceneViewState":{"showFog":true,"showMaterialUpdate":false,"showSkybox":false,"showFlares":true,"showImageEffects":true,"showParticleSystems":true},"in2DMode":false,"pivot":{"x":0.7278728485107422,"y":1.375196933746338,"z":0.36833232641220095},"rotation":{"x":-0.006001914851367474,"y":-0.9819251298904419,"z":0.1865830421447754,"w":-0.031208323314785959},"size":9.957198143005371,"orthographic":false}