{"cameraMode":{"drawMode":0,"name":"Shaded","section":"Shading Mode"},"sceneLighting":false,"audioPlay":false,"sceneViewState":{"showFog":true,"showMaterialUpdate":false,"showSkybox":false,"showFlares":true,"showImageEffects":true,"showParticleSystems":true},"in2DMode":false,"pivot":{"x":-4.53458309173584,"y":1.8033090829849244,"z":-3.633917808532715},"rotation":{"x":-0.06883019208908081,"y":-0.8611811995506287,"z":0.1211373433470726,"w":-0.4888303875923157},"size":4.031098365783691,"orthographic":false}