{"cameraMode":{"drawMode":0,"name":"Shaded","section":"Shading Mode"},"sceneLighting":false,"audioPlay":false,"sceneViewState":{"showFog":true,"showMaterialUpdate":false,"showSkybox":false,"showFlares":true,"showImageEffects":true,"showParticleSystems":true},"in2DMode":false,"pivot":{"x":6.234993934631348,"y":17.201858520507814,"z":-21.461360931396486},"rotation":{"x":-0.03600404039025307,"y":-0.9557368755340576,"z":0.13151602447032929,"w":-0.26071885228157046},"size":22.0,"orthographic":false}